those,64
some,206
insipid,2
still,76
art,7
hope,125
earl,3
few,72
destitute,2
palpitated,1
connected,15
cautious,4
imitation,1
solaced,1
poetry,2
arguments,5
premeditated,1
elevate,1
doubts,2
solemnity,5
lieutenant,1
gratification,1
likelihood,5
pools,1
coaxed,1
spared,9
persist,2
singling,1
involving,2
unavoidably,1
irreligious,1
courted,2
abruptness,2
apprehensions,2
superseded,1
concluding,1
biting,1
tortured,1
ingratitude,1
positive,4
highest,10
painted,1
laboriously,1
pleasing,25
taking,19
often,92
conversation,63
parts,6
received,61
worked,4
productive,1
withheld,4
hurry,11
oddly,1
absurd,5
procured,4
reverting,1
laughing,10
speedy,2
unavailing,2
slightly,4
include,1
imputing,1
noticing,1
surveying,1
construed,1
detain,2
filled,1
sanguine,2
irretrievable,1
sequel,1
humbled,4
scorn,1
equal,31
memling,1
watch,3
achieve,1
explain,7
afterwards,32
cousins,11
cook,1
rosings,49
belonged,3
prepossession,2
arguing,1
surrounded,1
haunt,1
growth,1
blamelessness,1
sentences,1
arisen,5
lies,1
travelled,1
romantic,4
admitting,2
character,69
papa,6
unregenerate,1
impatiently,5
shut,5
spending,5
opposition,3
servant,17
louisa,5
hating,1
farm,3
intricate,2
tires,1
eligibility,1
abundantly,3
dishes,1
approached,6
prevent,16
duties,2
nearest,5
accusation,1
overthrow,1
diminution,1
valley,4
slow,2
flaming,1
settlement,2
levelled,1
incur,1
consciously,2
faculties,2
philips,34
don,5
expression,22
leave,64
grow,4
ready,20
jumping,1
ancles,2
evil,14
utmost,10
port,1
circumstances,28
falls,2
dejection,3
dozen,1
invariable,1
awoke,1
remedy,2
mischievously,1
dispirited,1
wink,2
familiarity,2
sense,48
choicest,1
puppets,1
subject,87
intelligent,5
day,136
lips,11
among,25
render,3
used,20
begun,2
pause,18
netting,1
intend,2
rejected,4
quest,7
pleasantest,2
disbelieving,1
subsided,1
harmony,1
strongest,1
propensities,1
hence,1
sermon,2
outstrip,1
frankly,1
pride,52
even,95
unerring,1
henry,1
charms,5
introduction,11
surmises,1
engaged,37
raised,6
easiness,3
performs,1
milliner,2
happen,12
dropped,6
veneration,1
imprudence,10
suspended,2
cautioning,2
undertaken,1
diversion,3
briefly,4
triumphing,1
absurdities,2
savours,1
deportment,1
acrimony,1
safest,1
l,1
space,4
whether,57
earlier,4
did,264
mountain,1
army,4
acknowledged,20
got,25
foxhounds,1
carter,4
escaped,5
piquet,1
rashness,1
sofas,1
convenience,3
circle,7
attempted,5
beholding,3
claimed,3
transferred,1
intercourse,6
throughout,3
imply,1
chamberlayne,1
disclosure,1
bewildered,1
inconceivable,1
vacancy,1
irrevocably,1
scale,2
two,140
eminent,2
pettiness,1
us,125
odd,5
highly,28
mien,1
inducement,5
furnish,4
worthless,2
exertion,9
slept,1
carelessness,2
copied,1
grouped,1
cared,7
abode,8
verily,1
existence,3
invent,1
motion,1
returns,2
inexhaustible,1
duplicity,2
insignificant,1
meat,4
counterpart,1
smilingly,2
local,1
perturbed,1
soldiers,1
repugnant,1
nectarines,1
pronouncing,1
speediest,1
critical,4
present,71
quintessential,1
instance,8
species,1
xiii,2
affect,3
apt,1
anyone,23
vacant,5
uncle,69
holding,2
october,1
apologize,5
conscientious,1
instruction,2
provoked,3
forgave,1
occurrences,4
discouraged,2
plainly,6
perverseness,6
whither,2
wondering,2
management,4
possessing,1
professing,1
remembered,9
disappointments,1
appeased,1
unusual,1
chiswick,2
morality,2
materialism,1
dealing,1
magnificent,1
vi,2
x,2
xxxi,2
father,135
fancy,19
purpose,18
joined,28
motive,18
imaginable,2
conviction,16
nominally,1
childhood,1
parental,1
tend,1
embarrassed,7
distrust,3
hasten,1
rapturously,1
senses,4
strangers,4
flutter,3
livery,2
saloon,2
formal,9
act,9
meets,2
continually,6
engrossed,5
favourably,2
inconvenience,6
retired,3
assent,1
implied,1
wrote,21
reproof,4
precision,1
negatived,1
reel,2
moments,11
unstudied,1
rainy,1
inmates,1
derives,1
occurred,14
blaming,3
loveliness,2
boisterously,1
instructed,1
superlatively,1
discredit,2
weighed,2
extorted,1
disinclined,1
abominate,2
presumed,1
termed,1
congratulatory,1
persuasion,8
meanness,2
rich,13
juanish,1
speaking,33
understanding,21
fond,16
within,34
yourself,49
favour,22
vanity,18
surprised,34
shame,10
mend,5
unconsciously,3
explaining,3
grateful,13
overtures,1
separated,3
obsequiousness,1
wilful,3
earnestness,2
deceiving,1
firmness,1
situated,4
performer,2
billiard,1
stated,2
lieu,2
vice,3
giddiness,1
encamped,1
exposed,2
tastes,1
borrowed,1
aspire,1
men,39
him,765
perfect,19
could,528
always,125
account,40
field,4
entirely,28
disguise,5
sarcastic,1
temper,25
settled,48
kingdom,4
regardless,2
set,31
prettier,2
somehow,2
promise,17
dispositions,1
becoming,3
discovery,7
plain,11
vogue,1
length,32
buy,4
progress,5
throwing,2
mortification,6
trying,6
unrestrained,1
demand,3
comfortless,1
tidings,3
stubbornness,1
subsequent,1
pratt,2
welfare,5
injurious,2
alighted,1
conjectured,2
losing,1
brightening,1
eastbourne,1
copse,4
infinite,2
parody,1
combination,1
element,1
admires,3
appears,6
resents,1
chronological,1
office,6
joy,12
greatest,21
wet,2
wretchedness,2
ensued,2
constant,12
resentments,1
debt,4
upbraiding,1
sentiment,7
interfering,1
involve,2
unfrequently,1
sheets,1
lobby,1
clapham,4
sarah,1
consequent,1
elizabeth,644
fact,15
healthy,2
name,33
uncertain,2
pounds,24
cherish,1
ascertain,2
incredible,3
reading,14
pen,3
deference,6
disgrace,11
trial,2
declares,1
rallied,2
exerted,2
variation,2
venting,1
balm,1
essential,2
vulgar,3
xl,2
daughters,51
continued,52
starting,1
everywhere,2
openness,3
deficiency,2
dying,3
loudly,2
tenants,2
gracefully,1
ridiculing,1
inherit,1
meditated,2
commanded,2
betray,3
unpardonable,4
rise,2
fervent,1
xxxviii,1
drinking,1
chin,1
sea,1
enjoyments,1
muslins,1
originate,1
overflows,1
who,292
seen,78
gradual,2
gravest,1
beauties,6
special,3
down,79
acquaintance,62
amends,5
reliance,3
eliza,22
commerce,1
aloud,11
rid,5
wilfully,4
hinted,1
indulgent,1
inquire,10
creditable,2
showing,4
interpose,1
thanking,4
luck,4
mischief,3
ruin,5
intentionally,2
intentions,4
turnpike,1
merited,2
abusive,2
pictures,1
discontinuance,1
contradicted,1
not,1477
perfectly,52
put,35
causes,6
tailpiece,1
low,10
estate,20
rooms,8
boy,3
abruptly,2
charmingly,2
anecdote,2
instituted,1
originally,2
recommenced,1
quartered,3
stream,4
safety,1
impassable,1
mix,1
considered,24
show,9
revision,1
naturalness,1
certain,58
bennet,339
shoes,3
maunders,1
entail,10
venture,5
asking,14
speaks,2
exclusion,1
intruder,1
avenue,1
novelty,5
ponies,3
bore,9
sharing,2
wandered,2
gradually,6
beneficial,1
narrowly,2
involuntarily,2
idleness,2
impropriety,5
luncheon,1
drawings,1
fortitude,1
palliation,1
faces,3
fat,1
admirers,1
shape,4
will,408
applied,13
fantastic,2
semi,1
pleasant,19
extremely,15
serious,25
horse,5
crammed,3
inhabitants,3
praise,22
endeared,1
dislikes,1
thorough,3
begged,8
misleads,1
hurrying,3
insists,1
deduced,1
involved,3
unlikely,4
discernible,1
instructions,3
mingled,1
magnitude,1
depravity,1
resigning,1
firmly,1
regretting,2
disheartened,1
graceful,1
spiritless,2
puzzled,1
insulted,1
because,59
particular,29
touch,5
wife,50
shapely,1
sure,105
rash,1
inestimable,1
previous,4
form,15
frigid,1
vernon,1
efforts,4
struck,14
eagerly,14
imputed,4
alternative,3
assistant,1
mince,1
cheering,2
detained,3
dishonourable,2
wounded,3
carved,1
colder,1
affronted,2
larder,1
envy,3
unbecoming,1
contrariwise,1
persuasions,1
votes,1
predecessor,1
lose,13
fretfully,2
sensible,31
principal,14
partner,17
situation,38
misfortune,8
regimentals,3
uncles,2
month,8
yawned,1
process,1
exclaimed,8
capable,18
legal,1
covered,2
benefited,4
recommendations,1
incivility,3
stirs,1
stepping,1
preserve,4
unfold,1
collecting,2
unpleasantly,1
invectives,1
supplication,1
by,687
above,22
hand,28
lydia,174
must,311
daughter,84
cousin,50
solidity,2
gravely,4
complaisance,5
boast,11
repeating,6
unaffectedly,2
comparative,2
resented,3
sang,1
dearly,3
embracing,2
disagreement,1
induced,2
incessantly,2
duped,1
rendering,1
toilette,2
nephews,2
revenging,1
squeamish,1
eminence,1
untouched,1
ardent,1
horrible,1
duel,1
explicit,2
letters,17
matchless,1
connects,1
burney,1
immensely,1
non,1
inquiry,11
determined,34
entitled,4
grew,6
answered,34
petticoat,3
drawing,21
improvement,9
occurs,1
thereupon,2
inferiority,3
opposite,11
examination,3
widow,3
tranquillity,5
breathed,1
using,1
altered,7
sincerely,9
stability,1
pleaded,1
contentment,3
directing,2
disclaim,1
positions,1
sleeping,1
lv,1
heretofore,1
ultra,1
consists,2
motives,7
you,1243
weaknesses,2
ix,2
new,25
addressed,17
sitting,21
honestly,4
power,42
communicate,3
everything,60
leading,5
success,19
chiefly,10
confined,5
affability,4
commission,7
insignificance,3
perforce,1
distress,16
belong,3
forcibly,4
daring,2
essence,1
re,4
green,3
glazing,1
anecdotes,1
recollecting,5
congenial,1
repress,1
enlarging,1
decamping,1
completed,2
bodies,1
wits,1
hotels,1
prohibited,1
tricks,1
cheat,1
doubtless,4
falsification,1
grievous,4
neither,38
opening,15
insufficient,10
admitted,9
dances,11
expectations,7
watson,1
physicians,1
variety,7
couple,8
refreshing,2
heal,1
fallen,3
fortunately,2
virtue,10
languor,1
portion,3
whilst,4
newspaper,1
liberally,2
widely,4
tradesman,2
philosophy,5
rushed,1
popular,2
denouement,1
exactly,32
lively,16
page,3
miller,3
tumult,3
smiles,10
wasting,1
shop,5
insist,6
stationed,3
trespass,2
resolve,2
dinners,2
approbation,7
needlessly,1
inheriting,2
shelves,1
denny,12
occur,4
corps,6
whist,5
growing,3
despaired,3
adoration,1
newly,1
hackney,3
affliction,1
alleviate,1
rested,1
burning,1
charity,1
fanny,2
presently,3
own,195
superior,21
ways,5
parish,10
ex,1
expressed,27
pleasure,94
mistaken,24
surrounding,2
steady,12
stays,1
forgetting,2
supposition,4
wisest,6
satisfaction,27
disinterested,3
lovely,3
confidential,1
dishonesty,1
shoe,1
preserved,4
crying,2
ostentatious,1
minutely,3
metcalfe,1
conversed,1
guardianship,3
retaining,1
younge,4
bless,3
augment,1
oaks,1
afflicting,1
shield,1
liberties,1
more,333
gratuitous,1
observed,28
metaphysics,1
girl,41
glanced,1
exercise,7
welcome,14
whichever,3
quickness,3
likes,9
candour,3
bennets,10
leisure,13
marriage,66
societies,2
repeated,21
charles,6
indulgence,6
offences,3
quadrille,4
dictatorial,1
oh,26
sneer,1
modest,2
forfeit,1
arch,1
obeyed,3
testimony,2
chanced,1
commiseration,1
sources,3
privileged,3
fearless,1
silenced,1
abhorrent,1
press,6
choice,16
characters,6
projection,1
passages,3
apprehended,2
man,156
exact,4
back,46
seemed,66
emphatic,1
afraid,37
sit,15
disappointed,12
thanks,14
collection,4
forgive,9
opportunity,29
delightfully,4
adept,1
discuss,2
affront,4
wandering,3
eight,9
station,2
endured,4
timed,1
visitors,14
tithes,1
denied,3
bewailed,1
gain,2
nods,1
mixing,1
mischance,1
saved,3
attained,1
stating,2
apace,1
lock,1
tent,1
environs,1
disclose,1
gouldings,2
forwards,1
compromised,1
ineffectual,1
parents,7
fine,33
there,346
heroine,2
excelled,1
humanity,5
tried,16
none,19
xxxiv,2
forget,17
fourth,2
st,7
allow,31
totally,8
winter,15
replying,3
repaired,4
laughed,11
agreeing,3
adding,5
material,9
hardest,1
guidance,2
attend,5
hot,3
disgracing,2
necessity,11
veracity,2
economy,5
overcame,3
houses,4
fonder,2
extenuating,1
fashions,2
nettled,1
decked,1
liii,1
entrain,1
admirable,4
graces,3
scott,1
required,12
agreeable,49
spirit,11
add,13
remain,10
scampering,1
envied,2
salutation,4
cast,2
laconic,1
clergyman,8
eloquent,2
suggest,2
eligible,7
ecstasy,2
suspend,1
sanctioned,2
congratulated,2
genuine,2
murmurs,1
abhorrence,6
inmate,1
accompany,3
healthful,1
doors,8
strenuously,2
practised,1
degradation,1
loving,2
imparted,1
bosoms,1
research,1
blemish,1
everybody,40
deal,35
can,212
consummate,1
frenchman,1
forth,5
mouth,2
stay,40
elevation,3
news,32
report,17
unaffected,5
handsomer,3
eat,5
prone,2
undoubtedly,7
endeavor,1
seeming,3
visited,4
pursuit,6
lost,29
extent,7
viewing,3
presented,2
mutual,5
summer,19
godson,2
reputation,3
innocent,2
expedient,2
alleviated,1
subsisted,2
duration,2
succeeding,4
shorter,1
benefiting,1
lesson,2
diligence,1
irremediable,1
ambition,1
heartfelt,1
rank,15
park,23
peculiar,9
was,1867
cutting,2
mixed,3
painting,1
chip,1
protested,9
else,43
ministers,1
extend,1
remark,4
unjust,5
education,12
invariably,3
girls,47
sake,23
tempted,7
offence,5
excepting,3
face,27
covering,2
rejoicing,4
phaeton,4
subjection,1
disdain,6
dictates,1
bent,3
suspense,6
security,3
statement,2
correspondent,2
consistency,1
chamber,1
miraculous,2
derived,1
governed,2
hatfield,1
secluded,1
nuptials,3
gladly,1
regulars,2
regretted,1
undergone,2
tranquilly,1
their,449
difficulty,9
drew,20
charlotte,87
beauty,28
ingenious,2
inherited,1
smiled,18
along,10
exceedingly,27
allowing,7
ordinary,3
obtained,4
guilt,3
rites,1
interval,4
amply,2
superintendence,1
apply,3
vows,1
hotel,1
mature,1
rude,3
tranquil,2
noon,2
healthfulness,1
grove,3
sheltered,2
struggle,1
unprincipled,1
overset,1
stone,2
ridge,1
vigorously,1
jumped,1
strangely,1
for,1064
piling,2
draught,1
bountiful,1
title,2
coughs,1
stand,10
unknown,8
wide,3
borrow,2
overlooked,3
closets,1
communications,2
counting,1
becomes,4
uncompanionable,1
shyness,2
indelicacy,2
wounding,2
instability,1
refute,1
vague,2
flew,2
lambton,10
carpets,1
criticisms,1
barnet,2
eloping,1
housemaids,1
rather,62
how,203
maupassant,1
inclined,11
falling,4
contempt,13
stress,1
saw,102
bring,18
table,32
jumps,1
bracelets,1
promises,3
amazes,1
driven,5
disappointment,17
interview,3
bestowed,8
envying,1
predominance,1
steadiness,1
woe,1
consolatory,1
terrific,1
disturb,1
distinct,1
friend,115
musgrove,1
m,4
sufficient,5
failed,5
mention,30
meant,26
turned,43
amiable,36
liberty,7
reserved,7
energetic,1
passing,11
spoken,16
departed,2
remarks,8
needless,3
expostulation,1
soup,2
treasured,1
arrive,2
prompted,1
learned,3
vicious,1
improper,2
monthly,1
desperate,3
teaching,1
weep,1
kiss,1
jewel,1
whitman,1
under,35
differentiated,1
description,8
inoffensive,1
unaware,1
savage,1
inspiring,1
inattention,2
graciousness,1
songs,1
shrubbery,4
pretence,2
intervals,3
recreation,1
scruple,4
pressingly,1
distribute,1
counterbalance,1
prodigious,1
suffering,2
probabilities,1
prevailing,2
uncontrolled,1
substance,3
condolence,1
valid,1
fidgets,1
love,102
action,2
powerful,4
difficult,14
chief,17
looked,76
marrying,23
establishment,6
spent,22
authorized,3
politeness,17
below,5
rector,3
per,3
fret,3
enjoying,4
orderly,1
tongues,1
doubting,2
unfeeling,3
collinses,6
ruining,1
connivance,1
whence,3
lawn,6
pyramids,1
presumption,3
apprehending,1
panting,1
preparation,1
cooks,1
dissuaded,1
numerous,4
insatiable,1
myriad,1
words,31
sentiments,11
soon,215
desire,22
acquaintances,1
stoutly,1
please,14
sufficiently,5
receipt,2
awful,2
confusion,11
shaking,2
adorned,3
contemplation,4
commonest,1
succession,1
guide,2
eyeing,1
distressed,13
disapprove,1
sheet,3
doorway,1
practises,2
henceforth,1
unjustly,2
afternoon,3
chatsworth,1
top,1
strikingly,1
busily,3
sixpence,1
obey,1
burnt,1
revolution,1
possesses,2
shown,8
creatress,1
hear,71
tongue,4
possession,9
friends,55
upper,2
seven,1
turning,13
courteous,1
safe,7
performers,1
recent,5
suit,7
rapidity,4
awake,2
puffed,1
thinks,4
parishioners,1
money,25
insolent,4
dreading,1
inexpressible,1
wedding,14
cents,1
unnecessary,4
shaken,3
inconvenient,4
thwarted,1
decorums,1
landing,1
obstacles,2
enforced,1
mediocrity,1
excuses,2
perceptible,1
frisks,1
spreading,1
unacknowledged,1
reader,4
four,37
selected,4
fancied,7
particularly,32
worth,15
dissatisfied,4
partial,10
animation,4
silliest,1
example,5
handsomest,4
unguarded,4
dissuade,1
procure,1
suppressed,2
allowable,1
xxviii,1
xxxvii,1
intermediate,1
thoughtless,3
irregularity,1
one,282
kind,71
assiduous,2
majority,1
too,145
hopes,23
lizzie,2
buying,1
faithful,3
sunday,9
perpetually,3
asperity,1
constitution,1
properly,8
degenerate,1
embarrassment,10
imagined,5
needed,3
bidding,3
costing,1
defiance,3
sum,5
checking,2
operated,1
swallowed,1
protection,2
eccentric,1
in,1964
startling,1
hampered,1
cosmic,1
ballad,1
giving,26
horribly,1
attacks,4
climax,1
entering,9
nor,71
resentfully,2
sick,6
popularity,1
compared,3
mayoralty,1
arising,5
swell,1
dish,5
range,2
apology,7
earnestly,11
reach,8
withdrawn,3
resent,4
officer,8
fix,3
surmise,2
reception,9
gentlewoman,1
persuaded,25
assumed,1
studied,2
parcels,2
remembrance,3
parade,2
airing,1
butcher,1
mansfield,1
genius,6
morris,1
occasion,38
bit,3
accept,17
library,23
standing,13
suited,3
determine,13
stretch,2
plague,3
ring,5
writer,3
recollections,8
liveliness,4
proof,7
disservice,1
conclusion,8
christmas,6
mutually,1
accomplishment,3
crossed,5
artful,1
avarice,1
generality,2
affectionately,4
vexatious,2
denying,1
rescue,1
upbraided,1
chagrin,1
ours,2
eloped,1
farthing,1
precluding,1
arrangements,1
legally,1
industriously,1
permitted,3
avoidance,2
trivial,1
door,37
speak,69
actually,12
robinson,3
horseback,2
shameful,2
adhering,1
yield,4
eyelashes,1
careful,4
utterly,1
posterity,1
maintain,1
warehouses,2
violently,5
foresaw,1
seat,6
impolitic,1
darting,1
damp,1
purvis,1
guinea,1
generously,1
tacit,1
dismay,1
christian,2
overrated,1
attempt,24
pebbles,1
they,591
assures,1
unnatural,5
pains,5
suspicious,2
teasing,7
reverie,1
insipidity,1
differ,1
loo,2
threw,9
hug,1
approved,3
heiress,1
relieved,8
devoted,3
satisfy,11
unnecessarily,1
disrespect,2
amazement,10
imprudent,11
contains,1
bounds,1
bringing,12
sized,1
coachman,2
existed,3
affable,1
f,5
infamy,4
insinuating,1
effectually,3
palatable,1
persisting,1
display,6
study,10
grovelling,1
receives,1
former,39
sins,1
offensive,3
diana,2
person,51
elegance,9
amendment,2
become,9
according,8
delay,6
principally,5
honoured,9
confess,16
topics,1
grace,1
conscience,5
indecision,1
captivated,1
indelicate,1
vow,1
enraged,1
loveliest,1
with,1093
collins,190
told,71
cruelty,5
outside,1
smarting,1
read,44
animated,4
treasure,4
tell,68
comforted,1
punishment,5
human,6
stiffness,2
object,48
younger,28
spring,5
protesting,4
precipitance,2
quarrelling,3
interruption,10
confirmation,4
scenes,3
fatigue,4
hitherto,2
visitor,11
stroll,1
participation,1
prided,1
xxxix,1
unhappiness,2
grapes,1
bribe,1
gossiping,1
merely,34
comes,19
chaise,11
reflection,10
gentleman,40
admired,12
ductility,1
sing,5
quarrel,5
throat,1
device,1
relief,13
begins,4
bear,25
terms,21
taciturn,1
backwards,1
reaching,3
mis,2
condole,2
intervene,1
faint,4
churchill,1
given,60
say,158
count,1
mentor,1
myself,96
defective,2
battle,1
nervous,4
ii,1
surpassing,1
smallest,11
group,2
alarm,14
unexpected,8
annum,2
guardian,2
illustration,1
entreaty,7
determination,3
direct,7
pang,1
conjunction,1
depending,2
relative,3
building,3
foretold,1
exasperate,2
banished,3
cherished,4
trait,1
flirtation,2
plays,1
imitated,1
proceedings,1
frame,1
premeditation,1
assiduously,1
had,1179
competent,1
itself,11
fifteen,5
masterly,2
dissecting,1
rate,7
phenomenon,1
addition,9
rightful,1
angry,17
meryton,57
rendered,11
attorney,3
capacity,1
comply,3
attending,9
syllables,1
scruples,4
promote,4
forfeited,1
cruelly,3
venturing,1
gratifying,6
disapprobation,7
xxiii,1
dinnertime,4
controverted,1
officious,3
alas,2
moderation,2
reconciling,1
censured,2
injunctions,1
discontentedness,1
unembarrassed,2
refrained,1
friendless,1
traces,1
overtook,1
benches,1
forbore,1
circulated,1
out,142
characteristics,2
taste,17
seventies,1
fascinating,1
respectable,14
united,7
energy,5
saying,35
lives,4
takes,6
method,5
resides,1
intrusion,3
godfather,1
equals,1
enemies,1
footing,2
harm,4
inattentive,2
paining,1
pecuniary,2
race,1
mystery,1
dulness,1
seduction,1
blown,1
whittingham,2
chancery,2
author,6
destroyed,3
quite,98
woman,65
take,81
resentment,18
neighbourhood,29
vexing,1
dance,32
twelve,5
gentlemanlike,8
sixth,1
enabled,2
mine,10
excel,2
attack,4
future,15
ornament,1
miserly,1
superintends,1
arose,5
flowing,1
dependence,7
pigs,1
quantity,1
resounding,1
injuries,1
content,1
hills,3
intimation,1
tackle,1
haunch,1
rant,1
preface,3
be,1261
cause,20
same,73
doubt,42
himself,133
letter,117
spoilt,2
secondly,4
views,11
mile,6
ended,4
refinements,1
intrepidity,1
bare,1
opposed,5
comprehend,19
philipses,2
ham,1
spleen,1
plate,1
fullest,1
realities,1
elderly,1
shy,2
embraced,2
reporting,1
disposing,1
story,13
comparison,15
preferring,1
already,28
exquisitely,1
stockings,2
heading,29
instant,8
conjecturing,2
slighted,3
coach,9
model,2
messages,1
abominably,4
readiness,4
talks,1
universities,1
avowal,3
entreated,2
stuffy,1
treat,5
deceived,14
tries,1
concealing,1
wonders,3
shopping,1
desertion,1
amiss,1
accusations,3
scrupled,2
incomprehensible,2
consulted,2
blow,1
retains,1
solid,1
licence,2
distinction,7
days,31
german,1
disgusting,2
tilney,1
urged,7
happened,26
influence,14
rained,1
height,3
amazing,2
keeps,3
minutest,1
lasting,2
unquestionably,1
irritable,2
realized,1
dread,4
hugh,1
crawford,2
divided,5
novelist,2
setting,3
nowhere,2
hint,13
minds,4
pretend,7
iii,1
interrupted,9
meanly,3
appeared,32
represent,3
assured,28
laying,2
defy,4
monotonous,1
fetched,1
courtship,2
cordiality,4
poverty,2
casual,1
mismanagement,1
uselessly,1
discerning,1
unpleasing,1
super,1
vex,1
course,52
great,148
spoiled,2
sad,5
mamma,10
coughing,1
stupider,1
suspicions,4
dined,7
light,17
yours,15
warmth,8
compass,1
pool,1
represented,7
relationship,11
assertion,3
proclaim,1
engagements,12
desirous,7
doleful,1
departure,6
perplexity,2
events,5
sigh,2
meadows,1
nearness,1
wantonly,1
influenced,1
nicest,1
manager,1
slit,1
calico,1
stoke,1
postponed,1
maternal,2
these,75
than,298
six,11
reconciled,3
ought,44
lines,10
objection,15
forms,2
persuade,18
met,39
inquiries,23
sweetest,3
kitchen,1
omit,1
hers,7
deservedly,1
gate,6
comfortably,2
proficient,1
concise,1
avoided,1
implicitness,1
fervently,1
unavoidable,1
licentiousness,1
dispense,1
lviii,1
detail,1
avail,2
left,66
hundreds,1
amusing,5
passion,3
willingly,4
xvi,2
towards,70
ease,17
impatient,8
nind,3
wives,1
created,5
solicitude,8
inches,1
thanked,7
uncomfortable,8
fame,1
mistress,9
bequest,1
liable,2
wants,11
prospects,4
cleanse,1
reluctant,2
struggles,3
xxxv,1
concealment,2
inquiring,5
band,1
expeditiously,2
alternate,1
janites,1
reached,19
mouths,3
both,72
your,417
stirred,1
utterances,1
impulse,4
barbara,2
hypocritical,2
instead,21
longbourn,88
civil,18
silent,26
expressions,12
fast,7
volume,2
tenderly,2
kept,17
irritated,1
shillings,1
profess,1
points,4
accusing,1
quarrelsome,1
designs,4
lodges,2
hither,3
repressed,2
struggling,1
provocations,1
purchases,2
communicativeness,1
spanish,1
seclusion,1
occasions,9
eye,16
head,34
soothe,2
phrase,1
nerves,4
hoped,20
thereby,2
purchase,6
cheerfulness,6
suspected,9
hair,3
genteel,3
lay,6
circles,1
triumphantly,2
ungenerous,3
hackneyed,1
warned,1
anticipate,1
cows,1
forwarding,1
deepest,2
undertaking,1
residing,1
hermitage,1
strictly,1
inscribed,1
years,41
should,255
likeness,4
lucky,7
result,6
answer,65
glad,36
unable,14
fortnight,23
remained,23
partners,3
greatly,14
suffered,8
inconsistencies,1
quarrelled,1
assented,2
prosperity,3
paper,6
concerns,8
behaves,2
journeys,1
swelling,1
formation,1
revered,1
mess,1
delicious,1
alarms,1
misunderstood,3
wretched,10
capers,1
resign,1
earth,1
sending,1
keeping,5
may,196
later,5
female,9
cheap,2
heroes,1
demeanour,1
extraordinary,16
sight,17
whenever,22
conjecture,7
ride,3
provoke,5
resentful,2
suggested,5
breach,3
summons,3
condescension,7
borne,5
gathering,1
injunction,1
courage,12
thursday,4
enumeration,1
livings,1
unfolding,1
pretended,2
suppress,2
detestable,1
heads,1
repel,1
calls,1
decency,2
parent,1
waste,1
visit,52
hide,4
liked,28
protest,2
beneath,6
touched,6
ineffable,1
anguish,3
numbers,1
invitation,34
throw,8
happily,5
commendable,1
flattering,4
notions,3
arrested,2
unwearying,1
decide,4
excused,2
uproar,1
fun,8
peevish,2
lament,3
waived,1
unnaturally,1
fields,1
clouded,1
uniformity,1
canvas,1
recognizing,1
sighed,1
belonging,1
distracted,2
luckiest,1
sudden,11
portrait,2
wonderfully,3
rascality,1
reason,53
occasional,7
screen,4
selfish,7
decline,2
detest,3
accosted,2
clock,1
dress,5
longer,44
starve,1
path,4
staying,10
warm,6
interrupt,5
outdone,1
condemned,2
dictating,1
objections,11
emptiness,1
admittance,1
french,1
brooking,1
unblemished,1
contributes,2
differently,8
persons,14
charged,2
attentions,27
aunt,88
deigned,3
hate,8
splendid,3
failing,2
sees,6
permission,6
awed,2
attributed,5
talker,1
resemblance,7
depart,4
steadfastly,3
projected,1
expects,1
incredulous,3
respectability,5
pronounce,3
honest,1
dated,2
incautiously,1
water,4
constancy,1
illustrious,1
somewhere,6
interest,29
depicting,1
coleridge,1
stirring,2
impressed,2
survivor,2
playing,7
close,9
requested,2
contrived,3
source,7
denial,3
yawn,2
master,28
crushing,1
unhappily,3
forming,4
closest,2
lastly,1
shortness,1
article,3
acutest,1
brighton,24
histories,1
resource,1
distraction,1
originated,2
commissioned,1
handkerchief,1
trembling,1
unpretending,1
flutterings,1
closer,1
victim,1
invention,1
equipage,1
project,3
mary,42
indeed,83
fondness,1
miss,304
me,441
loosenesses,1
school,3
acutely,5
xlvi,2
immediately,61
noise,3
duets,1
punish,3
whims,2
prepared,10
vouchsafed,1
distressing,6
amaze,1
georgiana,15
articles,2
rises,1
indispensably,1
backed,1
anxiously,2
meetings,2
passions,1
thirteen,1
upstart,1
exquisite,2
such,389
mr,789
natural,27
minuteness,2
roasting,1
old,16
talking,41
acting,4
lxi,2
censuring,1
knighthood,2
notice,21
illness,2
orders,7
deserve,9
cheating,1
cookery,1
parsonage,18
useful,6
vary,3
stronger,6
oddities,1
sport,4
prudence,4
refrain,3
divide,3
despicably,1
serve,2
conjugal,2
warwick,1
stretching,1
possessed,1
learning,1
retrospective,1
captivate,1
felt,105
mrs,346
however,136
general,54
sketch,3
causa,1
rejection,3
coarsely,1
family,152
next,71
comers,1
firmest,2
satirical,1
crossing,2
madam,20
pain,29
divert,1
reverse,1
superintended,1
free,7
coats,1
signs,1
females,2
confused,4
practise,1
hardships,1
denoted,2
wickedest,1
pin,1
caution,3
applies,2
devotees,1
other,222
rushworth,1
times,20
easier,1
innocence,1
latter,24
satisfactorily,1
exaggeration,2
egregious,1
mother,137
figure,8
enduring,1
militia,6
amid,1
muslin,3
similarity,2
allusion,5
discern,2
destined,3
debts,10
informs,1
gamester,1
attics,1
coveys,1
thing,30
death,9
otherwise,17
anybody,29
nasty,2
having,93
wherever,8
impose,2
pray,21
watching,8
unconcern,3
celerity,1
sweetness,5
proprietor,3
astonish,2
dignity,5
impenetrably,2
inferences,1
apparel,1
placing,3
regulated,1
past,9
decisions,1
junior,1
employing,1
intrude,2
fortunes,1
exclude,1
fidget,1
secured,5
when,368
nature,27
gentle,6
smith,1
decade,1
impression,9
immortal,1
names,7
obsequious,3
hearty,2
night,34
singular,2
removal,7
congratulation,1
lewis,3
reconciliation,2
conditional,1
active,4
dreaded,7
compatible,2
perfections,2
boys,3
separates,1
defection,1
inflicted,1
horror,5
sharp,2
stepped,1
shift,1
mortifications,1
joking,1
london,59
loved,11
after,202
verdict,1
go,105
life,58
feminine,1
tones,2
induce,4
wishes,35
white,5
whose,60
during,28
v,4
william,45
coat,4
curiosity,23
bowed,3
leaving,18
wait,17
imperfection,1
polite,5
bordering,3
surest,1
hardship,1
military,1
assertions,3
inevitably,1
negative,3
successful,3
accepting,4
repentance,1
bottom,1
inured,1
detaching,1
feather,1
trembled,1
confederacy,1
lvii,1
allen,37
perhaps,76
vulgarity,3
fresh,10
certainly,70
despite,1
admit,8
original,6
investing,1
counted,2
wit,7
excuse,15
piqued,1
persevering,1
wrong,15
rain,4
whispering,3
reckoned,1
feb,1
beginning,12
soliciting,2
affording,2
compose,3
overcoming,1
befriended,1
disagreeably,1
labour,1
contracted,3
submit,3
glass,2
exceptionable,1
pour,1
forwarder,1
infatuation,1
shrug,1
co,2
addison,5
blind,7
late,20
xxxvi,2
replied,103
engage,5
circumspection,2
kindness,29
catching,1
simpleton,4
heirs,1
sparkled,2
aware,14
contrivance,4
postscript,3
unkindness,1
sincerity,4
wave,1
staircase,2
forgets,1
intimidate,1
inflict,2
gayer,1
dilatory,2
grievously,1
dictate,1
attendants,1
goulding,1
september,1
edward,1
undervalued,1
bills,1
thomson,2
enough,111
gifts,1
pathetic,2
inhuman,1
contrast,4
enable,2
gloomy,3
goodness,11
detailed,2
earnest,17
o,6
breeding,4
listened,21
nothingness,1
wishing,14
cheerful,8
clothes,13
cunning,1
persevered,1
excited,11
hospitality,3
shine,1
produced,11
antagonist,1
unluckily,3
resolving,7
ere,2
practice,4
crowd,1
perverse,1
indebted,8
volubility,1
alluding,1
adieus,2
bridge,3
finances,1
lowness,1
sedate,1
moderate,2
between,67
is,899
de,43
kitty,70
gardiners,9
competitor,1
grounds,6
gentlemen,40
suffer,13
trimming,1
acquainted,24
valuable,9
polished,2
companion,16
footman,1
endeavour,19
accuracy,1
nothings,1
broad,1
frightened,8
brotherly,1
dwelt,5
ashamed,16
visible,5
therein,1
contrariety,1
doubly,1
undeserving,3
ceaseless,1
missed,3
fluctuating,1
disturbed,2
roasted,1
instantaneous,1
unalterable,1
on,728
garish,1
principles,2
irreclaimable,1
colonel,67
depend,22
disposed,15
circumstance,19
obliging,5
imagination,4
captain,4
studier,1
move,3
inclination,21
check,4
h,1
gathered,2
xvii,1
prepare,6
heighten,1
scope,1
impatience,10
conciliatory,1
persists,1
settle,7
pitied,3
longing,2
worldly,2
smoothly,1
arrangement,8
instinctively,2
yourselves,2
repressing,1
trunks,1
absurdity,1
agitations,1
xlii,1
rival,1
indolence,2
importuned,1
but,936
afforded,6
knows,10
breadth,1
seldom,11
shocks,1
round,19
distant,5
amongst,12
dirty,4
relations,25
cover,1
italian,1
observations,3
alienated,1
sought,5
conquest,2
unheard,1
misery,15
repetition,3
purport,2
plainer,1
awaited,1
destructive,1
mistakes,2
awakened,4
accused,2
trunk,1
richly,1
overspreading,1
nightcap,1
rekindled,1
prettyish,1
ruskin,2
characteristic,4
without,174
nothing,181
end,34
capital,5
thus,30
speeches,4
tallest,3
execution,4
pompous,3
painful,14
anticipated,4
deeper,3
congratulations,12
selecting,1
withdrawing,1
principle,5
deceive,4
transport,1
dressing,9
masters,2
punctuality,2
apparently,2
transports,2
managed,1
bates,1
masculine,1
remember,21
each,65
unexceptionable,1
entered,40
bitterness,5
airs,1
blowzy,1
sell,1
describe,7
carried,8
defer,3
insufferably,1
separation,8
invite,6
complaisant,1
inhumanity,1
detached,2
footstool,1
ground,12
maid,3
rapturous,2
thankfulness,1
conciliate,1
campful,1
escaping,1
merry,3
streets,1
inadequate,1
enemy,1
brevity,1
miserably,1
oppressively,1
creditors,2
west,1
freshness,1
tour,7
helplessness,1
meeting,23
bad,17
people,50
turn,26
finding,13
longed,9
fetch,3
purse,1
trust,15
animal,1
richard,1
unsocial,1
maintained,2
inspires,1
neat,1
cultivation,1
trepidation,1
accede,1
doubled,1
others,61
traced,3
heretical,1
distinguished,7
again,182
argemone,2
intimate,13
formerly,8
beg,17
sonnet,1
relate,11
suitable,3
train,1
impurities,1
emotion,5
confession,3
depressed,2
dawson,1
barouche,1
frivolous,3
brow,1
repose,1
clearing,1
loser,1
simpers,1
fluently,1
proper,22
facts,2
remind,3
coup,1
nineteenth,1
moral,5
gets,2
married,60
flying,2
creature,14
enjoy,8
deeply,5
unfolded,5
studying,4
unwell,2
dangerous,1
indulged,2
remove,2
rapidly,2
complying,3
studious,1
gaped,1
intelligible,4
provide,4
encouraged,8
lover,5
transient,1
distinguish,2
retained,2
humiliation,2
undeceive,1
derive,2
diffuse,1
wander,1
womanly,1
plentiful,1
repented,1
impudence,2
shades,1
eyes,54
different,38
shrunk,1
use,17
fiction,1
netherfield,73
compassion,14
discretion,5
somebody,8
proud,21
spend,13
attended,24
completely,7
westerham,1
conveyed,2
seats,2
assurances,9
confident,3
occasioned,4
exert,2
unattended,1
unshaken,1
stiffly,1
unallied,1
explanations,2
exemption,1
consciousness,3
combined,1
hill,11
far,59
injury,2
chapter,89
syllable,7
michaelmas,2
entrance,14
observe,10
shops,1
recovered,6
mounting,1
cost,4
neighbours,11
ceremony,5
plead,2
hastening,2
reasonably,4
foreseen,2
fifty,6
sons,2
corroboration,1
encumbrance,1
embargo,1
coarse,1
lighted,1
foot,1
ducks,1
lane,12
any,282
into,145
real,34
makes,9
conclude,6
proposal,11
esmond,1
following,23
inquired,8
rudeness,2
hasty,5
candid,1
convinced,40
red,3
aside,4
engagement,20
witticisms,1
catch,4
steps,5
season,4
brothers,2
dwell,2
etiquette,1
slyness,2
relating,5
encounter,4
aloof,2
camp,3
indiscreet,1
deception,1
condescendingly,1
shrink,1
appointment,1
springs,1
party,59
periods,2
ironic,1
ball,37
sat,38
housekeeping,3
accomplished,12
expect,35
follows,8
request,12
coolly,4
alter,1
propitious,1
demean,1
atonement,2
apologizing,4
garden,12
examine,2
rivals,1
warn,4
sentence,12
carefully,3
unwelcome,4
rattle,2
guiding,1
bowing,1
insulting,1
accounting,3
sedateness,1
peculiarity,1
p,1
annexed,1
propose,4
faculty,1
live,23
history,5
actions,7
view,18
retailing,2
going,57
freely,4
disliked,4
decorum,4
invalid,1
ridicule,5
intruding,2
burying,1
everyone,6
pretensions,5
insensibility,5
front,5
shared,4
produce,5
feelingly,1
designed,5
advising,1
knees,1
villainous,1
uncertainty,1
revolt,1
cradles,1
inexpressibly,1
austen,28
unostentatious,1
acted,7
comment,1
viraginous,1
accidentally,5
room,109
favourable,12
king,8
remainder,1
occupy,2
listening,10
science,1
usually,8
alacrity,5
arm,4
waking,1
firm,3
challenge,1
listener,3
avoiding,2
conversible,1
breast,2
regret,19
passage,2
perceived,12
happiest,10
inconstancies,1
pointed,5
informing,2
separately,1
leads,2
fretfulness,2
mortal,2
aunts,1
lanes,1
it,1518
figures,3
nearly,10
knew,57
paces,1
criminal,1
wish,97
thoroughly,3
fluttered,2
river,8
gratified,14
attentive,10
effusions,2
unwillingly,4
whatever,30
bow,11
respectful,1
christening,1
deliberation,4
bid,1
approach,7
informality,1
reports,1
quitted,9
discussion,5
support,7
arriving,1
steadfast,1
survive,2
sides,5
sprang,1
consoled,2
deter,1
falsely,1
landlord,2
sleepless,1
consenting,1
britain,1
impudent,1
nichols,1
unsuccessfully,1
respective,1
repelled,1
city,1
its,121
unfortunate,7
self,26
painter,2
exhibition,3
singing,4
thither,10
obsoletenesses,1
extracts,2
minutes,37
pliancy,1
offer,27
able,54
stood,14
paltry,2
miserable,6
praises,2
explanation,8
bass,1
hereafter,3
complimented,3
hearers,1
condescends,1
forbearance,6
composedly,3
disinterestedness,1
fitzwilliam,36
jestingly,1
partly,2
pocket,3
runs,1
lagged,2
birds,2
probably,25
charge,10
declare,9
seems,28
necessary,32
off,62
greater,27
jokes,2
full,20
lucases,15
conditions,3
lets,1
sisters,77
discontented,2
deferred,2
proudest,1
wine,3
conceals,1
dark,2
refuse,9
resistance,2
ample,2
colds,1
testified,2
lease,1
elevated,2
willing,6
plans,2
angrily,1
comprised,2
clearly,3
maiden,1
gaze,1
xliii,1
fulfil,1
saucy,1
filling,1
does,85
beyond,36
wonder,35
now,204
public,13
manner,96
personality,1
awe,4
monday,8
dinner,31
vingt,1
ear,1
fitted,6
speaker,1
perceiving,4
thirdly,2
interrupting,2
discharging,2
calculation,1
ordained,1
importing,1
whispered,1
discompose,1
varieties,1
forego,1
dispose,1
latest,1
obligingly,1
only,221
have,872
youth,10
novel,2
misused,1
nail,1
belongs,2
provokingly,1
year,30
xxx,2
parting,9
despatched,4
learnt,14
elated,1
notion,8
frequent,13
coincided,1
springing,2
puddles,1
enjoyment,13
music,12
leaves,2
atoned,1
wondered,8
threadbare,2
reject,4
alterations,1
circulating,1
emergency,1
conducted,2
grossest,1
liverpool,1
partake,2
drooping,1
earthly,1
butler,1
sorely,1
thoughtfulness,2
benevolent,1
darling,1
prejudice,11
owe,6
books,13
possible,60
dialogue,4
psychologically,1
doing,26
truth,27
assemblies,2
assistance,13
fifth,1
compassionate,2
obstinacy,2
particulars,20
condescended,5
weak,7
spot,7
riding,1
proxy,1
match,24
requesting,2
double,2
sallied,1
thoughtful,1
justification,1
beauteous,1
exigence,1
preservation,2
jane,299
difference,13
transactions,3
laid,9
contain,7
john,3
perception,1
paradise,1
colossal,1
attractiveness,1
pampered,1
etc,13
provoking,3
intermission,3
weeks,18
break,2
unworthily,1
yawning,1
attractions,5
conference,4
effusion,2
unaccountable,2
worst,7
presents,3
obtruded,2
social,1
afresh,1
dreadfully,2
trace,4
coppice,1
stole,1
speculation,1
venison,1
innocently,1
curious,6
edmund,1
identical,1
respect,34
swiftian,1
hundred,8
developing,1
niceness,1
forgotten,14
scrupulous,1
ignorant,16
sakes,2
invaluable,3
censure,5
alarming,5
prevailed,15
intimacy,10
adhered,1
attached,11
pleasantness,3
blush,4
deserving,2
professed,4
encroaching,1
dispelling,1
sleeves,1
tenour,1
separating,1
familiarly,2
teach,5
comprehension,1
yards,1
indicated,1
forwarded,2
thence,1
glove,1
violated,1
took,55
whole,80
ruthless,1
paint,2
failure,2
dashwood,1
poor,39
cruscans,2
morning,78
escape,10
joke,3
established,7
absolutely,18
favourite,22
dearest,16
slowly,4
tendency,3
drive,4
income,11
prompt,1
delayed,6
ingenuity,2
secrecy,10
fewer,1
edged,2
indulge,5
bought,4
rage,2
corruption,1
consequence,30
things,36
genus,1
cynic,1
extended,4
our,74
long,119
habits,4
eldest,21
tide,2
declined,6
private,11
doubtful,2
unshackled,1
secure,12
severe,8
entreat,6
strictures,1
parted,14
forward,28
captivation,1
odious,3
retail,1
became,16
players,2
preferment,3
unconcerned,2
pure,2
ascended,3
cautiousness,1
pledged,2
considerations,1
papers,1
enabling,1
appear,31
thought,112
second,26
insupportable,3
fancying,4
perceive,8
grave,9
connections,19
employ,2
supper,11
quickly,4
seated,15
conceit,4
petition,1
bye,2
honourable,7
acceptable,6
imposing,1
crowded,3
composed,3
melancholy,5
inevitable,3
publish,1
unreserve,1
reputed,2
relinquish,1
played,1
scarce,1
conjectures,4
infliction,1
august,1
scorned,1
battled,1
women,23
plot,2
spectators,1
philistinism,1
colour,13
traditional,1
yielding,4
choose,20
grown,5
cordial,3
twice,13
possibly,8
superciliousness,1
glowing,1
brightened,1
daresay,2
offended,9
begging,2
impulses,1
useless,6
violence,3
acceptance,4
despair,1
foundation,3
continuance,3
glory,1
built,3
instructing,1
retreating,1
advancement,1
stretched,1
imitate,1
fighting,1
blacken,1
retrospections,1
just,76
austenians,1
sometimes,40
while,77
exhausted,2
bred,2
done,92
affectionate,20
courses,3
uncommonly,9
meditating,3
suffers,1
harp,1
schemes,7
cordially,3
questioned,3
announced,3
announce,4
gracious,8
lad,1
pale,4
desert,1
concealed,7
meditations,1
restrain,2
gentlest,1
gaudy,1
expenses,3
retrenched,1
frank,1
feelings,92
journey,22
rest,43
injured,5
overheard,3
receive,28
discomposure,3
cruel,4
relation,11
clarke,1
pitiful,2
argued,1
quarter,9
illiterate,1
enter,12
contradict,2
perseveringly,1
uttered,5
mark,4
humiliating,2
grievances,2
elevating,1
conquer,2
humbling,1
lawfully,1
matlock,2
seizing,1
insisted,1
officiousness,1
actual,7
mean,34
herself,236
catherine,132
proceed,6
farce,1
tease,3
lovers,5
vii,2
note,10
spiteful,3
observing,12
friendly,7
parties,12
avoid,18
indifference,17
abusing,3
blots,1
expose,7
revenge,2
anger,13
devoting,1
tempered,2
hurt,6
momentary,3
thoughtlessness,3
unimportant,1
beloved,2
groundwork,1
unknowingly,1
unprofitable,1
abiding,1
answers,1
woody,2
deciding,1
additional,2
actuated,1
deserted,1
enormity,1
haggerston,2
requited,1
exaggerate,1
reference,2
the,4617
brings,3
displayed,4
care,35
fears,11
really,90
find,61
manners,47
marital,1
prognostics,3
obeisance,3
anxious,26
guard,7
similar,5
shake,2
prevented,23
activity,4
concern,26
fellow,9
wise,5
peace,7
counteracted,2
across,6
contented,4
enumerating,5
purposely,6
temptation,7
expectation,18
continual,3
fender,1
conveying,1
grasp,1
immoral,1
lurking,1
lamentations,3
dazzling,1
kenilworth,1
economically,1
fairly,2
flight,3
shoot,3
advent,1
humorous,2
notable,2
due,12
servants,12
disclosed,1
window,16
pronounced,10
third,7
quitting,8
felicity,18
acquaint,2
commendations,2
finally,7
anywhere,1
neglecting,2
cease,2
elapsed,2
hated,4
stopping,3
lingering,1
restoring,1
unintelligible,1
dictated,1
annual,1
gulf,1
dupe,1
wilderness,1
want,48
frost,3
limits,2
hesitation,4
strong,20
tolerable,16
date,4
consider,33
honour,42
residence,4
removed,16
offend,3
together,65
conversing,3
formed,16
heavens,1
regarding,1
blame,15
marked,13
audience,2
headstrong,4
scheming,1
lakes,6
clump,1
endeavours,7
revived,3
consigned,1
friendlier,1
instruct,1
pleasantry,2
till,95
country,43
except,24
explained,10
mere,7
unlucky,10
ten,31
fear,23
circulation,2
introduced,9
memories,2
moving,6
comfort,31
treated,7
ached,1
elsewhere,5
cards,7
write,38
bitterly,2
variance,1
disgusted,3
suspect,4
defence,3
stanzas,1
heightened,8
grand,2
angelic,1
displease,1
unalloyed,1
verdure,1
lend,1
profusion,1
hereabouts,2
feathers,1
backward,1
delicate,8
badly,1
artist,1
anything,80
bourgh,41
flatter,11
ask,33
disposition,28
healthiest,1
competition,4
hursts,1
gravel,3
rambled,1
welcomed,7
professions,6
diffuseness,1
olive,3
dose,1
clergy,1
disobliging,1
hesitate,3
feet,1
sloping,1
bordered,2
ensuing,1
cassino,1
staggered,1
detection,2
unsuspicious,1
improprieties,1
improves,2
foresee,1
barbarous,1
hushed,1
exalt,1
hells,1
feel,40
consolation,11
bingleys,6
pemberley,55
see,153
looking,29
town,67
recommendation,4
net,1
health,18
exposing,5
prized,1
unreasonable,7
consulting,2
discernment,2
promising,4
favoured,1
strangeness,1
anticipating,2
theatres,1
pursued,2
painfully,2
detect,1
descended,3
w,2
exuberance,1
bold,2
detested,1
unusually,1
my,654
mar,1
language,8
necessarily,5
ill,79
fearlessness,1
age,16
xx,2
utter,8
high,18
followed,25
supercilious,1
argument,5
uneasy,8
returning,11
substantial,2
verses,1
tea,13
win,1
choosing,1
correct,2
hesitating,1
hopeless,6
resigned,6
correspondence,5
sacrificed,1
farewell,3
dignified,3
agitated,4
misled,1
meanest,1
perturbation,2
narrowest,1
gloried,1
turnpikes,1
negligent,1
ashworth,1
april,1
illustrations,4
suffrages,1
writing,14
crisis,1
generation,2
reply,25
encouragement,10
deserves,4
sent,20
confidence,11
wednesday,9
witnessed,4
included,2
disregarded,1
gravity,4
pictured,1
proverb,1
descent,3
revive,1
gaiety,2
beaux,1
spread,3
liking,2
fresher,1
coincide,1
trees,5
considerably,3
continuing,2
abide,1
flirt,4
satin,2
undiminished,1
noblest,1
uniting,1
twenty,10
british,2
fools,1
copying,1
order,8
tiresome,2
return,51
hurst,33
quieter,1
lived,14
treatment,4
beforehand,1
musical,1
proportion,4
coming,59
quit,10
undervaluing,1
flat,1
disrespectful,1
hates,2
companions,7
proficiency,1
tractable,1
separate,6
grief,2
miniatures,3
sings,1
circuit,1
discharged,3
uppermost,1
cares,2
bitterest,1
comprise,1
lustre,1
wavering,1
premises,1
circumspect,1
norris,2
word,52
kid,1
realism,2
magic,1
neglectful,1
breakfast,28
consent,13
caprice,4
amusement,12
unreserved,3
talked,38
approve,5
vexation,10
adventure,2
repeatedly,9
assert,5
carriages,6
qualifications,2
slave,2
simply,1
fingering,1
expecting,5
prejudices,2
unbending,1
kindest,1
wearied,1
culprit,1
breakfasted,1
chatty,1
forgiven,1
works,2
rarest,1
cold,19
said,405
young,133
rational,11
tall,9
beatrix,2
sorry,35
save,3
deficient,5
gallant,1
parlour,7
summoned,5
sort,37
purses,1
assurance,14
despise,3
faults,4
preceding,4
furniture,10
advantageous,2
fell,2
malicious,2
sixteen,7
unacquainted,1
preparations,2
solicit,1
bashful,1
appearances,1
accounted,2
diversified,1
bearing,2
sisterly,3
practising,1
impressing,1
recover,6
soothed,1
bromley,1
boxes,1
primacy,1
from,503
eltons,2
skill,4
speechless,1
intended,22
excellent,19
stupid,3
conceited,6
silence,34
acquired,2
synonymously,1
hours,27
adopt,3
happiness,72
teased,2
concerto,1
inconsiderable,1
readily,18
tedious,1
discourage,2
hall,12
defend,3
increasing,10
testifying,1
rejecting,2
joyful,2
edge,2
obligation,6
misfortunes,5
hesitated,3
cucumber,1
ugly,2
straws,1
youths,1
accustomed,2
endless,2
insufferable,1
newcastle,4
hunting,1
partridges,1
she,1703
subdivisions,1
ourselves,9
sharpness,1
week,29
attention,70
behaviour,55
passed,61
stranger,13
horrid,3
angel,3
undone,1
displeased,4
improve,3
cluster,1
thank,16
reflect,5
diffidence,5
jilt,1
admirer,3
worn,2
sinking,3
dissipation,1
sentinel,1
comprehended,3
exchanged,1
abundant,1
connubial,1
winking,2
shell,1
incapable,9
passionate,1
xxv,3
send,24
chooses,8
serving,1
entertained,7
plan,14
clerk,1
brilliancy,2
despicable,1
piece,5
subsisting,2
xi,1
sorrow,4
alteration,7
delights,2
digressions,1
infamous,4
consign,1
comparatively,3
boasted,2
predict,1
effectual,1
affections,4
courtesied,1
containing,2
oppressed,2
signify,3
gentleness,4
spur,1
rapture,2
explore,1
temporary,1
recommending,2
fugitives,1
brittle,1
expedite,1
much,335
them,439
masterpieces,1
pertness,1
dancing,23
follies,4
risen,1
clear,9
decidedly,4
writes,1
beneficence,1
allude,1
providing,1
pauses,2
behalf,4
certainty,8
drove,11
matrimonial,1
hedge,1
thirty,3
workbags,1
shifting,1
fruits,2
epsom,3
fight,2
ungraciousness,1
rapacity,1
tempers,1
charing,2
road,16
saintsbury,2
th,1
minor,2
make,169
degree,24
hard,13
charm,10
regard,50
vast,3
officers,33
talk,31
obliged,29
guarded,9
stiles,1
feverish,2
requiring,5
redress,1
encourage,6
caring,2
provision,2
confirms,1
wiser,2
tears,10
ardently,2
gross,2
missing,1
dull,4
welcoming,1
harriet,2
anew,1
banks,2
decent,3
pouring,1
inducements,1
proving,1
northanger,1
wickham,195
situations,1
what,452
littleness,1
never,227
impossible,46
dear,158
downwards,1
type,2
vexed,8
admire,18
nine,2
succeeded,7
approaching,12
effort,5
church,12
led,18
tormenting,1
inter,1
incensed,2
reproached,2
paling,2
defined,2
discussed,3
celebrated,2
chambermaid,2
sneering,1
intrigues,1
philosophic,1
work,22
disguised,1
delight,28
further,25
knowledge,22
universally,3
questions,16
hour,38
pleasanter,4
impertinent,6
oftener,3
justifying,1
fill,1
apparent,3
places,5
mistook,1
directed,9
humility,5
liveliest,3
praised,2
pardon,14
stands,2
chimney,1
affirmative,2
excite,3
irritation,3
sunk,4
broken,6
appease,1
jumbled,1
blinds,1
broke,3
splendour,1
satisfactions,1
annesley,3
rejoined,1
nose,1
favourites,2
admission,1
advertised,1
closure,1
forgiveness,2
delicacy,12
up,113
microcosm,1
dwelling,8
personages,2
list,5
xxiv,2
reserve,7
period,15
safely,3
pedantic,1
expressing,8
possibilities,1
follow,11
ordered,8
saturday,17
roused,7
pleases,2
arranging,2
civilly,3
resume,1
mingling,1
justified,5
dullest,1
depended,4
friday,1
omitted,1
detaining,2
clerical,1
succeed,3
overjoyed,1
captivating,2
ruined,2
insolence,1
err,3
token,1
salad,1
acquiesce,1
appeals,1
seized,2
searching,1
elope,1
hang,1
i,1778
catastrophe,1
taken,33
loss,18
hunsford,24
critics,1
fall,11
paid,19
oblige,6
pair,2
entailed,6
danger,19
die,4
patient,1
expense,8
wholly,26
proceeding,6
proved,17
filial,1
soul,2
xix,1
altar,1
vent,2
attributing,1
imaginations,1
boundless,1
keener,1
arrogance,1
prejudiced,1
unfit,2
conquered,1
spacious,1
closely,1
beatings,1
overtaken,1
loose,1
advice,16
like,88
satisfied,35
obvious,2
propensity,2
occasionally,12
market,2
criticise,1
excellence,3
restored,2
materially,5
bears,2
neighbourhoods,1
troubling,1
disliking,1
disgraceful,5
dressed,6
ignorance,8
probity,1
indignant,2
formidable,4
scold,1
symptom,4
grieving,1
willingness,3
indistinctly,1
adequate,1
clue,1
declaring,1
omen,1
cannot,114
provided,7
displaying,3
single,13
formality,4
leigh,1
enters,1
objectionable,4
preferred,4
evening,74
coldly,2
seminaries,1
trade,4
tenant,1
nay,5
silently,3
besides,11
disengaged,3
punctual,3
deprived,3
exclaiming,4
forgot,5
rang,1
engaging,6
achieving,1
conception,1
varying,2
lessening,1
blasted,1
shed,1
contributed,1
artificial,1
lie,2
mechanic,1
intelligence,19
fortunate,15
arrived,15
gallantry,8
higher,4
indignation,8
annoyed,1
getting,7
sore,1
driving,4
nourishes,1
rail,1
rising,7
bewitching,1
exultation,1
animating,1
secretly,3
fail,6
wickedness,2
unprepared,1
cry,1
storm,2
and,3615
picture,15
exigencies,1
voice,24
survey,3
property,8
heaven,11
dislike,22
surprise,37
calculated,3
ma,8
appetite,2
sound,8
male,1
guided,2
invited,11
deserved,7
advisable,6
despising,2
usual,34
presence,6
precipitate,2
respected,3
error,6
privilege,3
gig,1
cambridge,1
clamorous,1
comprehends,1
recognized,1
benefits,1
constitute,1
lx,1
authors,1
claim,6
novels,5
eminently,1
do,331
meissonier,1
known,56
settling,3
assuring,4
advantage,34
decided,11
playful,2
sweet,7
answering,3
estimation,5
convey,2
hands,7
mansion,2
class,2
months,21
cheerfully,2
observer,2
recalled,2
equivocal,1
mechanically,1
acceded,1
untinctured,1
invitations,1
xlvii,1
frailty,1
demanding,1
mindful,1
hypocrisy,1
severest,1
moralize,1
been,535
here,72
upon,65
command,7
observation,15
bully,1
apothecary,4
occupied,6
happens,4
unvarying,1
expressive,2
child,13
lot,2
disarm,1
attempting,4
pressed,2
attracted,2
easter,3
appearing,6
resolute,1
defended,1
force,8
changing,3
ceased,6
owed,6
reasonable,14
fronted,2
stumbling,1
exclaim,1
exciting,1
attraction,2
packed,1
stratagems,1
objects,8
every,185
fairfax,1
feature,3
dare,39
ladylike,1
generally,17
three,63
build,2
folly,12
restoration,4
gone,62
god,4
preside,1
probability,10
grantley,1
modesty,6
dependent,3
fellows,2
infancy,2
extravagance,4
voluntary,3
refreshment,5
interference,13
scolded,1
uniformly,3
representing,2
undecided,1
revealed,2
degrees,1
imperfectly,1
promoted,1
guilty,2
forgetfulness,1
sally,1
void,1
false,15
fool,7
need,20
mistake,9
playfulness,3
away,121
barefaced,1
wore,2
excessively,10
amount,2
acknowledge,8
bestow,7
mirth,2
directions,7
important,10
picturesque,1
fireplace,2
calmness,4
proposed,5
iniquitous,1
november,5
hire,1
around,2
attribute,4
pursue,6
complain,4
repulsed,1
oppose,3
coquetry,1
abound,1
stupidity,4
exercising,2
correspond,1
ungracious,3
disposal,2
contemptuously,1
extinguished,1
reconsidering,1
sameness,1
illiberal,1
swelled,1
meditation,1
serviceable,1
theatre,1
are,360
apprehend,1
literary,1
strokes,2
refusal,8
xxxii,2
equally,20
tempt,4
shocking,6
bottle,2
scotch,2
moved,9
matrimony,6
poured,1
influencing,1
injuring,1
suitableness,3
naturally,12
intimately,2
openly,8
agonies,1
voluntarily,6
delivered,4
suggestion,1
rated,1
regained,1
repugnance,1
atone,2
heavier,1
deemed,1
rob,2
hanging,1
reap,1
clement,1
confide,1
oakham,1
personal,6
infinitely,5
express,25
affinity,3
touches,1
look,59
heroines,3
freedom,5
where,90
handsome,37
raptures,7
attachment,27
draughts,2
increased,11
wild,11
injustice,4
mentioning,7
arrange,1
upstairs,16
stamp,1
happening,2
understood,13
griefs,1
malice,2
felicitations,1
hoping,4
position,1
delighting,1
slacken,1
accurate,1
examining,4
travelling,6
price,2
packing,1
lifetime,1
sensation,3
engross,1
spurned,1
part,61
vigorous,1
gusto,1
exhibited,2
intellect,1
probable,14
coxcomb,1
final,3
surely,3
meet,31
unwilling,10
goes,2
disputes,1
recovery,3
paying,4
uncivil,5
blessing,4
peculiarly,3
recall,2
civilities,7
trifle,5
reasons,5
resignation,2
evils,8
evade,1
adieu,5
talents,4
seconded,1
crayons,1
fishing,5
finish,5
better,98
goldwin,1
moment,71
agreed,12
happy,83
fault,7
vain,20
irish,1
complacency,4
yesterday,13
beside,1
benefit,5
screens,1
acknowledgments,2
tax,2
desperation,1
tuesday,12
duchess,1
tender,4
calmly,1
rectitude,1
rivers,1
hastened,4
prudential,1
inconveniences,2
condemn,3
measures,3
disdained,3
glimpse,2
exposure,1
pausing,2
appointed,1
snug,1
despised,3
reynolds,10
xlviii,1
watches,1
case,35
small,24
middle,4
extreme,5
damsel,1
against,53
eloquence,3
unworthy,4
walk,51
feels,4
forced,20
lodgings,5
contrive,3
concerned,18
folded,1
servility,1
anne,5
treating,1
accounts,3
esteem,11
contribute,2
entreating,1
feared,11
complaint,1
unequal,4
vindication,2
woods,7
proudly,1
sufferer,1
ventured,7
of,3831
restricted,1
outspoken,1
through,43
scene,17
dedication,1
accompanied,8
pleased,39
compliment,26
continue,9
archly,2
flowed,1
absent,4
informed,10
rule,2
trouble,21
brightest,2
noisy,3
mantel,3
breathing,1
prizes,1
truest,1
imposed,3
regulate,1
concurrence,2
confirm,1
reminding,1
objected,1
chair,6
errors,3
sustained,1
very,490
fewest,1
made,132
immediate,13
narrowness,1
exposition,1
ideas,13
prettiest,1
twelvemonth,6
card,9
moreover,11
steadily,3
breaking,2
forbid,3
intending,7
luckily,4
review,3
niece,22
sideboard,1
exist,1
remonstrance,1
exuberant,1
tents,1
parasol,2
personage,1
curiosities,1
consequences,2
sphere,2
unreasonably,2
born,4
philosophers,1
verior,1
experience,3
preference,10
began,59
satisfactory,7
county,6
manor,2
housekeeper,16
careless,2
guest,5
confirming,2
receiving,20
until,1
unappeasable,1
prefaced,1
comforts,4
threatened,1
thrown,8
newest,1
travellers,3
pales,2
mislead,1
impartiality,1
spots,2
teeth,1
involves,1
powdering,1
penetration,2
mount,2
suppositions,1
expressly,2
loves,3
no,475
custom,3
miniature,2
uncommon,6
flirting,4
fastidious,2
intolerable,3
disadvantage,5
evenings,4
possibility,13
call,28
console,9
prior,2
subsist,1
agony,1
search,2
constantly,3
cleared,2
commissioning,1
birmingham,1
furnished,1
scotland,8
kissed,2
reasoning,1
devoid,1
lix,1
contention,1
chawton,1
once,62
sets,1
gives,10
unkind,1
naughty,1
help,42
several,25
arrival,32
civility,44
question,23
pack,2
intention,16
nursing,1
reprehensible,3
cure,1
laughingly,2
remaining,8
patronage,4
discourses,1
adapted,3
generous,12
estimated,1
appeal,2
calm,5
shorten,1
overpowered,3
barbarously,1
successor,1
communicated,3
sports,1
executors,1
discreditable,1
harboured,1
secrets,1
forbade,1
outrun,1
regain,1
curricle,2
sagacity,1
jewels,1
convention,2
yet,76
hero,2
greatness,3
ages,1
consisted,2
mud,1
advantages,7
laudable,1
wisely,4
lord,11
rebuke,1
complimenting,1
misleading,1
falsehood,7
died,3
unconnected,4
eagerness,8
antechamber,1
storing,1
described,5
hazarded,1
vanished,2
lift,4
fruit,1
precious,2
notes,1
unjustifiable,2
confidante,2
hearth,1
trifled,1
land,1
irreproachable,1
unabated,1
j,1
finished,11
incident,1
lower,5
swift,5
black,4
discarding,1
readers,3
state,20
educated,2
porridge,1
lest,8
converting,1
powers,6
ordination,1
patroness,7
absolute,4
chicken,1
emotions,1
overpowering,1
colouring,3
comparing,2
northern,3
boundary,2
hurried,10
complaining,1
retreated,1
monosyllable,1
stir,1
concisely,2
relished,1
carr,1
emma,3
world,72
loud,3
allowed,27
prig,1
fixed,22
therefore,73
chose,16
opinions,8
asserting,1
forster,39
song,5
ensign,1
discomposed,2
engrossing,1
prosperous,2
restraint,5
custody,1
combated,1
xxvii,1
fate,2
commencement,2
lifted,2
sounds,1
grain,1
someone,1
wearisome,1
shocked,8
lady,189
satire,2
coffee,8
compliments,12
draws,1
drab,2
stiltedly,1
rode,4
spite,23
remarkably,10
caught,11
requester,1
taught,8
conscientiously,1
bonnet,3
assist,7
misrepresented,2
trusting,2
sensations,3
refused,6
sour,1
vigour,1
governess,8
impelled,1
waiter,3
witty,1
rightly,2
li,1
amounting,1
over,95
an,372
describes,1
speech,14
artfully,2
ago,27
regiment,24
lvi,2
matter,29
join,19
reasonableness,1
breath,2
astonished,14
jot,1
seize,1
preaching,3
spokesman,1
muffin,1
matters,8
recollect,6
repine,4
canvassed,2
amidst,4
supplying,1
acute,2
depreciate,1
july,1
resuming,1
brown,1
downstairs,2
exceeding,1
ancient,1
construction,4
something,74
ability,1
judge,13
unless,19
regards,1
allegro,1
outwardly,1
companionship,1
iv,3
stared,5
danced,13
withdrew,5
village,6
lace,1
duty,15
heartily,10
service,7
aimed,1
heavy,4
glance,7
seconding,1
shopboy,1
apologies,2
vivacity,2
patron,3
valued,5
pope,1
joints,1
summon,1
clearer,1
petrified,1
peaches,1
stem,1
polluted,1
distrusted,1
house,107
common,24
husband,52
alluded,7
consistent,4
mortified,5
symmetry,1
weary,2
bed,6
impertinence,8
shortly,12
including,2
prudent,4
xxxiii,1
unqualified,1
pursuing,3
betrayed,4
blameless,2
disadvantages,2
mankind,1
ensue,1
forsters,1
connect,2
deaden,1
petitioned,1
frankness,3
found,68
delightful,22
undoubted,2
ferocious,1
prime,1
unsuccessful,1
dooming,1
xlix,2
quick,10
hat,2
disconcerted,3
features,8
gown,6
wanting,7
accomplishments,5
paused,3
resolution,19
poorly,3
condescend,1
yes,25
checked,5
hints,4
interfere,1
kent,14
tickets,3
significant,3
glow,3
respects,6
dutifully,2
reflecting,1
bestowing,1
watchful,1
cottagers,1
discharge,2
violation,2
wears,1
diverted,3
warded,1
blenheim,1
lightness,1
hatred,1
dines,1
scarborough,1
scheme,19
at,809
fielding,4
noticed,9
subtle,2
distinctly,2
nicely,3
develope,1
planned,3
discovered,7
relates,3
desired,6
convert,1
knowing,27
remains,5
waiting,10
warmly,8
lead,7
sign,2
uneasiness,7
describing,2
accident,6
confiding,2
insensible,4
allowances,1
carry,5
reduced,4
repulsive,1
development,2
pursuits,1
accents,2
anticipation,1
spars,1
inspection,2
revolted,1
involuntary,1
mostly,1
services,1
expressively,2
lii,1
basis,1
submitted,1
well,210
least,72
patent,1
time,200
regular,4
bingley,308
aversion,1
connection,20
heard,85
scolding,2
beheld,2
strength,6
lodge,8
pressing,5
style,10
thankful,9
domestic,7
pretension,1
arrogant,1
exhibiting,1
intently,2
creditably,1
procuring,3
harshly,1
purchased,3
elder,10
immovable,2
sharers,1
undeserved,1
foul,1
querulous,1
commonly,1
individually,1
compensation,1
warmest,2
shoulders,1
acknowledgment,4
gift,2
english,3
imperishable,1
putting,6
change,25
idea,51
entreaties,6
step,16
walking,26
elegant,14
sooner,13
smiling,10
visits,5
benevolence,3
indolent,1
housemaid,2
tremble,1
pens,1
assisted,4
repaid,2
gracechurch,7
wind,1
finds,1
remembering,2
investigations,1
definition,1
reproofs,2
foundations,1
esq,1
counteract,1
pollution,1
tooks,2
revised,1
before,228
way,114
darcy,430
retirement,3
get,53
cried,91
ascertaining,1
spirits,39
score,4
performance,6
spare,6
walker,3
victory,1
gardiner,97
archness,1
profession,7
bell,4
apologized,2
concerning,5
unpleasant,8
laity,1
audible,1
allusions,1
dissemble,1
proceeded,10
accompanying,2
forbearing,1
try,12
consternation,1
misconduct,2
gardener,2
nobler,1
acquainting,1
predominate,1
household,1
unabashed,1
cogent,1
bath,1
that,1525
heart,46
idealism,1
easy,25
introduce,11
hack,1
prefer,6
ceremonies,1
fully,5
publicly,3
manifold,1
york,1
seasonable,1
irksome,2
impute,1
xxvi,1
grandfather,1
gratify,2
direction,10
ate,3
coloured,5
aught,1
substitute,1
naming,1
presuming,2
emphatically,1
superiority,2
hardly,50
restrained,2
selfishness,2
youngest,16
spoke,44
inform,9
sir,77
children,25
closed,6
nobody,18
habit,7
entertain,5
unlike,4
agreeably,3
telling,7
entertainment,6
sleep,3
communication,10
shook,11
suggesting,1
keenest,3
comfortable,12
grandeur,4
dishonest,1
blessed,4
habitual,1
suspects,1
lamenting,1
befall,2
neatness,2
fingers,3
softness,1
hastily,9
presided,1
abroad,4
chestnuts,1
b,1
yielded,2
board,1
hired,1
were,566
thorpe,1
limited,1
feeling,37
aggravate,1
chance,19
deep,7
mentioned,28
familiar,3
instantly,31
dirt,2
dining,17
recovering,5
nicholls,1
establish,1
behave,2
concluded,10
acquit,2
singled,2
grosvenor,2
tribute,1
occurring,1
inspire,1
resisting,1
revealing,1
saving,3
war,1
merits,2
shrewish,1
eleven,1
errand,1
blamed,1
george,46
best,46
would,478
published,1
cynicism,2
shade,3
privately,4
seeking,8
altogether,8
deny,8
untidy,1
patience,9
deceitful,2
running,9
increase,6
employment,6
permit,1
profit,1
guests,1
meanwhile,5
envelope,3
bustle,1
laurel,1
owned,3
overpower,1
witness,3
magistrate,1
incredulity,3
unfelt,2
freckled,1
handsomely,2
disturbers,1
bakewell,1
mildly,1
replies,1
prodigiously,3
changes,1
vastly,1
larger,7
think,222
incomparable,1
conduct,26
prove,9
short,46
studies,3
admiration,26
let,67
come,93
chary,1
conversations,2
understand,30
opinion,67
agree,6
grieved,11
scarcity,1
estimable,2
run,11
stout,2
overthrowing,1
jealous,3
portraits,2
justify,6
vices,1
largest,1
topic,1
bets,1
striking,3
marries,1
mountains,2
employments,4
cheeks,4
remorse,1
agitating,1
plantation,1
previously,2
scores,1
finishing,1
gaining,3
gaming,1
subjoin,1
interesting,17
delighted,23
abuse,2
somewhat,8
home,67
scarcely,45
amuse,5
whisper,9
excessive,4
arts,4
partiality,13
sacrifice,8
perform,4
unassuming,3
lottery,3
pointedly,1
boasting,1
assisting,2
insure,2
supposing,14
bride,3
rejoice,7
avowed,3
reproaches,1
resolutely,3
endure,1
parading,1
company,23
marry,46
perfection,1
thrills,1
returned,45
hearing,24
crown,1
sharpened,2
strongly,8
overhearings,1
easily,26
tolerably,14
trifling,5
tenderness,3
advise,8
representation,4
farther,14
affairs,7
weakness,5
bound,1
descending,2
sincere,10
answerable,2
believing,12
obstinate,3
accordingly,6
sadly,2
unequally,1
legacy,1
harringtons,1
attachments,1
creative,1
hardened,1
dimensions,1
glen,1
scapegoat,1
ones,6
slightest,4
listen,14
shall,159
draw,6
alone,30
contrary,10
begin,12
instrument,11
believed,37
asleep,1
thin,5
january,2
panegyric,2
attitude,1
owns,1
exceeded,2
fearing,3
scarlet,2
graciously,1
indifferent,16
impartial,3
quarters,2
mornings,3
dispute,2
steward,5
prevail,2
recollected,13
mercenary,5
prey,2
confidently,1
ebook,2
all,643
unite,4
good,198
transformation,1
working,2
so,600
blue,3
determining,3
astonishment,30
neglect,10
associating,1
value,9
complaints,4
contents,9
needlework,1
corner,1
sink,3
nephew,21
startled,2
faintly,1
apprehension,12
preservative,2
designedly,1
older,2
collected,3
carrying,4
overflowing,1
removing,3
successively,1
ensigncy,1
devote,1
boldly,1
doubtingly,1
rehearsal,1
boisterousness,1
archbishops,1
text,1
xxii,2
disgust,5
reflections,9
application,12
smart,2
perpetual,1
vouch,3
china,1
trials,1
owes,2
calculate,1
attach,3
letting,5
leaning,1
domestics,1
louder,1
extravagant,4
bathing,1
philosopher,1
abrupt,1
acceding,1
conditionally,1
insincere,2
cross,6
a,2007
abbey,1
wickedly,1
if,317
most,196
strictest,2
smile,31
waited,7
presentation,5
discover,8
horsewoman,1
unison,1
indirect,2
planning,2
nice,5
exhibit,1
independent,2
regularly,1
attentively,3
authorizing,1
apprehensive,1
interpretation,1
howsoever,1
vicinity,1
misunderstanding,1
conveniences,1
effects,6
went,70
birth,6
fordyce,1
assure,41
brother,79
event,22
seek,8
flattered,7
haste,9
dine,16
nonsensical,3
generations,1
placed,9
consult,3
rectory,1
objecting,3
stately,3
release,1
total,3
rejoiced,9
favours,2
diffident,1
unsuitable,2
february,1
echo,1
acknowledging,1
existing,2
hatefully,1
winding,1
gretna,2
kympton,1
sanction,1
intimidated,1
discovering,1
implies,1
comyns,1
gratefully,4
as,1213
early,32
savagery,1
mildness,3
especially,25
excusable,1
either,63
overhear,2
charming,19
drink,7
defects,5
weather,6
lately,11
sly,4
apartment,4
transition,1
introducing,4
renewed,6
burst,3
daily,3
universal,3
acquire,1
inferior,5
webbs,1
vanish,1
coincidence,1
gowns,2
restless,1
gay,2
watering,1
peak,1
contradictions,1
neighbouring,2
explanatory,1
unexampled,1
allowance,4
this,434
play,19
am,324
looks,14
post,7
nonsense,7
lizzy,84
why,43
violent,9
accidental,3
glancing,3
considering,13
opened,18
cheapside,2
rings,1
kindly,7
se,2
preparing,6
pages,1
bows,2
admiring,2
emphasis,1
decisive,2
suddenness,1
pleasures,6
delivering,1
negligence,1
weighty,1
aid,1
referred,1
requisite,1
named,1
deranged,1
paddock,3
austerity,1
unchanged,1
right,43
elopement,11
business,47
five,35
paste,1
unforced,1
near,37
being,181
clever,9
lavington,1
england,5
examined,4
taller,1
honours,2
unhappy,12
gaieties,2
solicitation,1
disclaimed,1
acquiescence,2
troop,1
afford,7
sufferings,2
misrepresentation,1
abused,2
selves,1
inns,1
bosom,1
incurred,1
intimates,1
heinous,1
racked,1
wavered,1
undetermined,1
laugh,16
learn,11
thinking,22
pieces,2
fatigued,4
branch,3
sister,217
fixing,2
mode,5
fit,4
game,7
esteemed,7
triumph,10
defect,4
positively,2
consequential,1
confirmed,3
dreadful,11
arranged,2
mild,1
fastened,1
inn,7
wood,4
outlived,1
coherent,1
threats,1
vehemence,1
suppose,49
varied,4
slight,21
stairs,9
north,6
cases,6
quieted,2
advised,3
idle,8
profuse,1
pity,9
overcome,10
fish,5
cessation,1
pavement,1
blushed,7
repeat,5
respecting,3
husbands,4
glories,1
reappear,1
lofty,1
punch,1
smirks,1
epithet,1
comparisons,1
reluctance,1
written,21
about,125
advantageously,3
practical,1
tints,1
objectors,1
shock,3
modern,3
neighbour,8
consequently,10
affectation,3
fashionable,1
ragout,1
independence,6
presume,2
sickly,4
drop,3
obligations,3
implicit,1
regarded,3
contained,7
retort,1
disappoint,2
indefinite,1
solitary,4
ramsgate,3
xli,1
route,3
stables,1
whimsical,1
busy,1
reconcile,1
flow,4
tone,17
her,2254
grossly,1
century,2
push,1
son,23
worse,15
alive,4
dismissed,4
hypothesi,1
proposals,10
xiv,2
says,15
silly,12
information,27
solace,1
meaning,14
mortifying,6
slightingly,1
thankfully,1
viii,1
implacability,1
unsubdued,1
advances,1
quietly,9
undo,2
deprive,1
fourthly,1
confessed,4
congratulate,7
drily,2
vexations,1
curtains,1
finest,2
apartments,2
survived,1
forlorn,1
simpered,1
court,6
affection,60
burlesque,1
though,228
know,242
elaborate,1
although,2
pit,1
another,58
adjusted,1
clerks,1
della,2
fortune,39
evident,18
advance,3
advanced,5
oddity,1
marks,2
incumbent,4
excess,2
doubted,8
pitiable,3
endurable,1
occupies,1
believes,1
addresses,6
integrity,3
ramble,2
asserted,1
coarseness,2
discrimination,1
contrasted,1
untitled,1
pitched,1
sportive,1
his,1278
has,247
barely,3
stage,2
possess,7
sex,8
regrets,4
epicurean,1
half,71
disagreeable,15
simple,2
scornful,1
overdone,1
came,94
credit,27
conceive,3
desirable,11
correspondents,1
improvements,1
declaration,5
dawdled,1
dismission,1
desponding,1
deceives,1
struggled,2
plenty,1
forcing,1
kinder,2
temptations,2
overthrown,3
scattered,2
disquiet,1
construing,1
petulance,1
termination,2
availed,1
lamented,1
explicitly,1
unmarked,1
sensibility,4
composition,3
side,57
then,169
evidently,6
message,5
recommend,12
suddenly,16
haughty,3
defied,1
default,1
miles,16
complied,3
regulation,1
softened,6
backgammon,2
fairest,1
pretending,3
wear,1
rocks,1
judged,3
applying,3
drawn,8
enhance,1
equalled,1
xlv,1
torment,1
refuge,1
member,1
large,24
improved,7
point,48
opportunities,3
superfluous,1
shot,1
line,9
venus,1
merest,1
nieces,12
promised,21
eluded,1
forbidding,1
inflexibly,1
tired,4
corroborated,1
occupation,1
eager,13
stateliness,1
poultry,3
neglected,2
retaliate,1
unmoved,1
severity,1
luckless,1
curtailed,1
crowned,1
windings,1
guessed,3
courting,1
proportionate,1
exceed,1
revolving,1
first,160
talent,3
mannish,2
number,6
open,18
give,127
delicately,1
imagine,27
ridiculous,4
maria,20
calling,15
subjects,10
trusted,7
disgraced,1
unforgiving,2
surmount,1
couples,1
punctually,3
joyfully,1
walks,3
disturbance,1
gates,2
ultimately,1
repent,1
happier,3
triumphant,2
lasted,3
satisfying,1
profligate,1
forty,1
retain,1
truly,8
added,72
mind,58
complexion,8
employed,8
declared,15
dresses,1
foolish,8
desiring,2
fair,22
maintaining,1
interested,8
deserts,2
discourse,7
commended,2
troublesome,1
recurring,2
designing,1
banish,3
breathless,2
peculiarities,1
penitent,1
liberality,2
extractions,1
miseries,1
kindred,1
admittedly,1
might,205
differences,2
smollett,1
brought,39
ladies,83
gigantic,1
lucas,71
whom,88
xv,2
consideration,14
since,56
wished,40
ancle,1
likewise,17
composure,16
strange,10
society,32
politely,3
lying,1
languages,1
performed,6
signal,2
evenness,2
indignity,2
estates,4
resisted,1
watchfulness,2
wonderful,3
eclipsed,1
adds,3
perseverance,3
belief,15
ablution,1
creatures,1
profligacy,1
impressive,1
brink,2
permanent,1
heedless,1
believe,88
derbyshire,25
gallery,7
faultless,2
classical,1
reality,1
overbearing,2
appendices,1
allegra,1
frontispiece,1
visiting,5
suspecting,2
alarmed,8
pianoforte,5
prospect,14
assents,1
ceremonious,3
archbishop,1
sensibly,2
refusing,7
undutiful,1
require,3
rose,7
xxix,1
disputable,1
serenity,3
valueless,1
overlook,3
unfavourably,1
outstripped,1
impetuous,1
begs,1
caused,1
kill,1
forgiving,1
preceded,1
test,1
withstood,1
or,319
partisans,1
oblique,1
reproach,8
finery,2
pay,11
supply,7
consented,2
shows,4
renewal,7
caroline,15
alliance,3
balls,8
jealousy,4
scandalous,3
observances,1
persisted,2
refusals,1
endeavoured,10
offending,3
inventing,1
wound,2
inspired,2
scrutiny,1
relied,1
attendance,4
rely,1
brains,1
bowl,1
ungovernable,1
arrear,1
to,4292
intrigue,1
seem,21
term,2
true,25
many,120
adjusting,1
countenance,30
asked,40
seeing,59
solely,4
directly,23
extort,1
extensive,4
reminded,6
gaily,2
misunderstand,3
memory,8
relieve,2
displeasure,6
vestibule,5
stayed,8
roads,1
meditate,2
ornaments,2
revival,1
founded,2
fainter,2
replete,1
grieve,3
repinings,1
obtain,3
cambric,1
restrictions,1
judgment,15
authority,10
last,119
families,7
design,22
exclamation,2
assembly,9
suiting,1
inviting,3
blushing,1
possessor,2
weight,6
hold,7
doings,2
liberal,5
solemn,5
judging,2
endeavouring,5
watched,7
settlements,1
reckon,1
encouraging,4
distractedly,1
quiet,7
arranges,1
dividing,1
condition,3
trim,1
unfavourable,2
injure,2
hysterics,1
transpired,1
attendant,1
paler,1
humour,15
snarling,1
invective,1
thackeray,2
grant,1
affair,20
mixture,5
behind,14
james,6
detected,2
distance,16
appertain,1
disappointing,3
laughter,2
importune,1
nearer,5
won,5
disinclination,2
improbable,7
march,2
perusal,4
shameless,1
latterly,1
june,3
impunity,1
proportions,1
weakest,1
sect,1
little,190
place,76
footlights,1
accepted,17
pierce,1
fire,9
chapters,1
xii,2
uniform,1
jones,5
gained,11
resolved,31
joining,5
flogged,1
ladyship,42
humble,9
imitations,1
equivalent,1
courtier,1
individual,2
rationally,3
peep,1
interruptions,1
wretchedly,1
affords,1
stroke,2
cake,1
postilions,1
sash,1
leisurely,1
considerable,10
complete,10
also,35
changed,9
themselves,34
mating,1
pass,17
finer,6
consist,1
xviii,2
expected,43
theirs,2
supposed,26
size,4
amazed,5
morrow,5
started,4
claims,6
awkward,10
convince,4
abatement,1
entailing,1
scrape,1
characterize,1
reflected,3
communicative,1
gutenberg,2
book,22
narrow,3
playwright,1
merit,7
quality,7
we,239
remarkable,8
pretty,25
share,15
earliest,6
converse,4
denominated,1
carriage,44
unfortunately,3
convenient,5
pace,1
tables,6
exception,1
offering,3
ran,13
experienced,4
arise,7
effect,17
unexpectedly,3
solitude,3
rewarded,3
derision,2
unwillingness,3
speedily,6
wealth,3
agitation,6
indisposed,2
supported,4
dissolved,1
increases,1
indecorum,1
renewing,2
brain,2
paintings,1
deliberately,2
bribery,1
completion,1
diffused,1
enthralling,1
ever,136
means,59
unamiable,1
eighteenth,4
fourteen,1
wollstonecraft,1
keep,25
air,30
sprained,1
conceal,13
collect,2
appearance,30
affected,20
assume,3
recollection,12
fearful,5
owing,4
prevents,1
accuse,4
worthy,3
addressing,3
decease,3
risk,5
indulging,1
offers,5
complained,1
pointing,5
uglier,1
volatility,1
tens,1
dovedale,2
trout,1
union,3
payment,1
worthlessness,1
sportsmen,1
mortifies,1
recede,1
friendship,10
completeness,1
theatrical,1
awkwardness,4
dead,6
noble,12
less,81
secret,7
xliv,2
tear,2
pleasantly,4
imaginary,5
cool,3
wanted,23
distinguishing,2
anxiety,19
abominable,6
agreement,3
law,4
abilities,6
manage,3
eating,2
turns,2
alike,2
acquisition,1
accent,4
remarked,1
confinement,1
patched,1
sends,1
start,3
publisher,1
glaring,2
executed,2
bright,2
attacked,2
making,32
hertfordshire,41
commendation,7
address,19
assembled,6
rapid,3
amused,6
justice,15
chosen,8
conscious,3
precisely,1
aspect,6
seniority,1
exclamations,3
demands,1
dared,13
blinded,2
measure,5
constrained,1
incessant,1
stop,4
jenkinson,9
hurts,1
tells,1
unanswerable,1
consoling,3
inclinations,2
instances,4
weakened,1
frighten,1
raising,3
allayed,1
essentials,2
lowest,1
faulty,3
tremblings,1
spasms,1
anyhow,1
striving,2
fuss,1
faithfully,1
unsettled,3
witnessing,1
almost,64
which,556
likely,41
he,1314
justly,4
cough,2
guess,5
supplied,2
bitter,2
bewitched,1
amusements,3
minute,9
compliance,1
qualified,2
bequeathed,1
losses,1
stopped,6
suspicion,9
handed,3
courtesy,5
puzzle,2
seriously,13
successfully,1
sole,4
behaved,7
urgent,3
pull,1
additions,1
ward,1
northward,2
exerting,1
fashion,9
spectator,3
rough,2
cosway,1
called,46
historically,1
thoughts,27
thousand,34
gave,54
beautiful,15
walked,44
ostentation,1
owner,4
importance,23
offered,10
horses,8
held,5
showed,8
symptoms,2
lessen,4
surpass,1
recommended,9
frequently,23
bounty,1
folios,1
windows,6
overspread,3
reserves,3
inconsistency,2
bridegroom,1
meantime,2
conciliating,1
recital,3
policy,1
hears,1
lessened,1
repining,2
adopted,1
tanned,1
authorize,1
unprotected,1
killed,4
sympathize,1
speed,1
liv,1
propriety,9
related,19
comedy,1
qualities,7
absence,28
xxi,2
various,9
unassailed,1
gratitude,23
headache,2
succeeds,1
efficacy,1
sermons,3
living,24
street,19
authoritative,2
resist,4
strike,5
compare,1
gloom,3
empty,1
penance,1
narrative,1
pre,1
fare,2
heartening,1
augmented,1
fidgety,1
multitude,1
south,1
untamed,1
shan,3
allurements,1
